jack,jack@gmail.com,password
oliver,oliver@gmail.com,123456
james,james@gmail.com,12345678
charlie,charlie@gmail.com,1234
harris,harris@gmail.com,qwerty
lewis,lewis@gmail.com,12345
leo,leo@gmail.com,dragon
noah,noah@gmail.com,catsi
alfie,alfie@gmail.com,baseball
rory,rory@gmail.com,football
alexander,alexander@gmail.com,letmein
max,max@gmail.com,monkey
logan,logan@gmail.com,696969
lucas,lucas@gmail.com,abc123
harry,harry@gmail.com,mustang
theo,theo@gmail.com,michael
thomas,thomas@gmail.com,shadow
brodie,brodie@gmail.com,master
archie,archie@gmail.com,jennifer
jacob,jacob@gmail.com,111111
finlay,finlay@gmail.com,2000
finn,finn@gmail.com,jordan
daniel,daniel@gmail.com,superman
joshua,joshua@gmail.com,harley
oscar,oscar@gmail.com,1234567
arthur,arthur@gmail.com,duckme
hunter,hunter@gmail.com,hunter
ethan,ethan@gmail.com,duckyou
mason,mason@gmail.com,trustno1
harrison,harrison@gmail.com,ranger
freddie,freddie@gmail.com,buster
ollie,ollie@gmail.com,thomas
adam,adam@gmail.com,tigger
william,william@gmail.com,robert
jaxon,jaxon@gmail.com,soccer
aaron,aaron@gmail.com,duck11
cameron,cameron@gmail.com,batman
liam,liam@gmail.com,test
george,george@gmail.com,pass
jamie,jamie@gmail.com,killer
callum,callum@gmail.com,hockey
matthew,matthew@gmail.com,george
muhammad,muhammad@gmail.com,charlie
caleb,caleb@gmail.com,andrew
nathan,nathan@gmail.com,michelle
tommy,tommy@gmail.com,love
carter,carter@gmail.com,sunshine
blake,blake@gmail.com,jessica
andrew,andrew@gmail.com,meowhole
luke,luke@gmail.com,6969
jude,jude@gmail.com,pepper
angus,angus@gmail.com,daniel
riley,riley@gmail.com,access
luca,luca@gmail.com,123456789
samuel,samuel@gmail.com,654321
joseph,joseph@gmail.com,joshua
david,david@gmail.com,maggie
isaac,isaac@gmail.com,starwars
ryan,ryan@gmail.com,silver
hamish,hamish@gmail.com,william
sonny,sonny@gmail.com,dallas
arlo,arlo@gmail.com,yankees
arran,arran@gmail.com,123123
cole,cole@gmail.com,ashley
robert,robert@gmail.com,666666
blair,blair@gmail.com,hello
dylan,dylan@gmail.com,amanda
louie,louie@gmail.com,orange
ruaridh,ruaridh@gmail.com,biteme
connor,connor@gmail.com,freedom
benjamin,benjamin@gmail.com,computer
kai,kai@gmail.com,sexy
michael,michael@gmail.com,thunder
jackson,jackson@gmail.com,nicole
leon,leon@gmail.com,ginger
cooper,cooper@gmail.com,heather
louis,louis@gmail.com,hammer
theodore,theodore@gmail.com,summer
fraser,fraser@gmail.com,corvette
owen,owen@gmail.com,taylor
reuben,reuben@gmail.com,ducker
john,john@gmail.com,austin
carson,carson@gmail.com,1111
innes,innes@gmail.com,merlin
elijah,elijah@gmail.com,matthew
murray,murray@gmail.com,121212
grayson,grayson@gmail.com,golfer
aiden,aiden@gmail.com,cheese
aidan,aidan@gmail.com,princess
cody,cody@gmail.com,martin
elliot,elliot@gmail.com,chelsea
ben,ben@gmail.com,patrick
henry,henry@gmail.com,richard
sam,sam@gmail.com,diamond
alex,alex@gmail.com,yellow
ellis,ellis@gmail.com,bigdog
gabriel,gabriel@gmail.com,secret
jax,jax@gmail.com,asdfgh
callan,callan@gmail.com,sparky
ruairidh,ruairidh@gmail.com,cowboy
frankie,frankie@gmail.com,camaro
lachlan,lachlan@gmail.com,anthony
roman,roman@gmail.com,matrix
brody,brody@gmail.com,falcon
josh,josh@gmail.com,iloveyou
sebastian,sebastian@gmail.com,bailey
struan,struan@gmail.com,guitar
evan,evan@gmail.com,jackson
kyle,kyle@gmail.com,purple
myles,myles@gmail.com,scooter
calum,calum@gmail.com,phoenix
lochlan,lochlan@gmail.com,aaaaaa
jayden,jayden@gmail.com,morgan
lyle,lyle@gmail.com,tigers
robbie,robbie@gmail.com,porsche
calvin,calvin@gmail.com,mickey
corey,corey@gmail.com,maverick
jaxson,jaxson@gmail.com,cookie
christopher,christopher@gmail.com,nascar
teddy,teddy@gmail.com,peanut
eli,eli@gmail.com,justin
marcus,marcus@gmail.com,131313
parker,parker@gmail.com,money
tyler,tyler@gmail.com,horny
euan,euan@gmail.com,samantha
hudson,hudson@gmail.com,panties
joey,joey@gmail.com,steelers
austin,austin@gmail.com,joseph
zac,zac@gmail.com,snoopy
dominic,dominic@gmail.com,boomer
kayden,kayden@gmail.com,whatever
zack,zack@gmail.com,iceman
harvey,harvey@gmail.com,smokey
rowan,rowan@gmail.com,gateway
hugo,hugo@gmail.com,dakota
edward,edward@gmail.com,cowboys
fergus,fergus@gmail.com,eagles
finley,finley@gmail.com,chicken
patrick,patrick@gmail.com,dick
cillian,cillian@gmail.com,black
conor,conor@gmail.com,zxcvbn
ruben,ruben@gmail.com,please
flynn,flynn@gmail.com,andrea
jake,jake@gmail.com,ferrari
albie,albie@gmail.com,knight
levi,levi@gmail.com,hardcore
mohammad,mohammad@gmail.com,melissa
rhys,rhys@gmail.com,compaq
ronan,ronan@gmail.com,coffee
zach,zach@gmail.com,booboo
zachary,zachary@gmail.com,bitch
ezra,ezra@gmail.com,johnny
charles,charles@gmail.com,bulldog
kian,kian@gmail.com,xxxxxx
kieran,kieran@gmail.com,welcome
mohammed,mohammed@gmail.com,james
zak,zak@gmail.com,player
anthony,anthony@gmail.com,ncc1701
bradley,bradley@gmail.com,wizard
elliott,elliott@gmail.com,scooby
mark,mark@gmail.com,charles
miller,miller@gmail.com,junior
felix,felix@gmail.com,internet
harley,harley@gmail.com,bigdick
jay,jay@gmail.com,mike
jordan,jordan@gmail.com,brandy
milo,milo@gmail.com,tennis
oran,oran@gmail.com,blowjob
peter,peter@gmail.com,banana
sean,sean@gmail.com,monster
ciaran,ciaran@gmail.com,spider
jasper,jasper@gmail.com,lakers
kaiden,kaiden@gmail.com,miller
robin,robin@gmail.com,rabbit
caelan,caelan@gmail.com,enter
cohen,cohen@gmail.com,mercedes
magnus,magnus@gmail.com,brandon
xander,xander@gmail.com,steven
jason,jason@gmail.com,fender
reece,reece@gmail.com,john
ruairi,ruairi@gmail.com,yamaha
scott,scott@gmail.com,diablo
cian,cian@gmail.com,chris
filip,filip@gmail.com,boston
nico,nico@gmail.com,tiger
olly,olly@gmail.com,marine
gregor,gregor@gmail.com,chicago
junior,junior@gmail.com,rangers
antoni,antoni@gmail.com,gandalf
colton,colton@gmail.com,winter
jenson,jenson@gmail.com,bigtits
layton,layton@gmail.com,barney
ross,ross@gmail.com,edward
frederick,frederick@gmail.com,raiders
maxwell,maxwell@gmail.com,porn
nicholas,nicholas@gmail.com,badboy
danny,danny@gmail.com,blowme
declan,declan@gmail.com,spanky
ibrahim,ibrahim@gmail.com,bigdaddy
oskar,oskar@gmail.com,johnson
reggie,reggie@gmail.com,chester
shay,shay@gmail.com,london
zander,zander@gmail.com,midnight
alasdair,alasdair@gmail.com,blue
ashton,ashton@gmail.com,fishing
cruz,cruz@gmail.com,0
findlay,findlay@gmail.com,hannah
hayden,hayden@gmail.com,slayer
jace,jace@gmail.com,11111111
kerr,kerr@gmail.com,rachel
rio,rio@gmail.com,sexsex
rudi,rudi@gmail.com,redsox
spencer,spencer@gmail.com,thx1138
taylor,taylor@gmail.com,asdf
toby,toby@gmail.com,marlboro
joel,joel@gmail.com,panther
keir,keir@gmail.com,zxcvbnm
paul,paul@gmail.com,arsenal
bobby,bobby@gmail.com,oliver
campbell,campbell@gmail.com,qazwsx
kacper,kacper@gmail.com,mother
miles,miles@gmail.com,victoria
otis,otis@gmail.com,7777777
travis,travis@gmail.com,jasper
alan,alan@gmail.com,angel
alfred,alfred@gmail.com,david
erik,erik@gmail.com,winner
kevin,kevin@gmail.com,crystal
marcel,marcel@gmail.com,golden
nathaniel,nathaniel@gmail.com,butthead
quinn,quinn@gmail.com,viking
yusuf,yusuf@gmail.com,jack
billy,billy@gmail.com,iwantu
douglas,douglas@gmail.com,shannon
eden,eden@gmail.com,murphy
ewan,ewan@gmail.com,angels
jakub,jakub@gmail.com,prince
jonah,jonah@gmail.com,cameron
leonardo,leonardo@gmail.com,girls
mac,mac@gmail.com,madison
murdo,murdo@gmail.com,wilson
ronnie,ronnie@gmail.com,carlos
vincent,vincent@gmail.com,hooters
ali,ali@gmail.com,willie
asher,asher@gmail.com,startrek
bailey,bailey@gmail.com,captain
enzo,enzo@gmail.com,maddog
lennox,lennox@gmail.com,jasmine
niall,niall@gmail.com,butter
alistair,alistair@gmail.com,booger
colby,colby@gmail.com,angela
francis,francis@gmail.com,golf
julian,julian@gmail.com,lauren
keegan,keegan@gmail.com,rocket
luka,luka@gmail.com,tiffany
odin,odin@gmail.com,theman
steven,steven@gmail.com,dennis
duncan,duncan@gmail.com,liverpoo
kade,kade@gmail.com,flower
musa,musa@gmail.com,forever
mustafa,mustafa@gmail.com,green
oakley,oakley@gmail.com,jackie
rex,rex@gmail.com,muffin
archer,archer@gmail.com,turtle
axel,axel@gmail.com,sophie
ayden,ayden@gmail.com,danielle
caiden,caiden@gmail.com,redskins
craig,craig@gmail.com,toyota
lauchlan,lauchlan@gmail.com,jason
lennon,lennon@gmail.com,sierra
lukas,lukas@gmail.com,winston
maximilian,maximilian@gmail.com,debbie
mylo,mylo@gmail.com,giants
nikodem,nikodem@gmail.com,packers
rocco,rocco@gmail.com,newyork
rohan,rohan@gmail.com,jeremy
xavier,xavier@gmail.com,casper
abel,abel@gmail.com,bubba
elias,elias@gmail.com,112233
eric,eric@gmail.com,sandra
franciszek,franciszek@gmail.com,lovers
kaleb,kaleb@gmail.com,mountain
karson,karson@gmail.com,united
kody,kody@gmail.com,cooper
lincoln,lincoln@gmail.com,driver
phoenix,phoenix@gmail.com,tucker
stephen,stephen@gmail.com,helpme
tristan,tristan@gmail.com,meowing
abdullah,abdullah@gmail.com,pookie
dexter,dexter@gmail.com,lucky
ian,ian@gmail.com,maxwell
jensen,jensen@gmail.com,8675309
jonathan,jonathan@gmail.com,Initial11
